"provincia_id","provincia_nome","comune_id","comune_nome","comune_istat","zona_id","zona_nome"
"94","Trento","93","Ala","022001","34980","Ala"
"94","Trento","93","Ala","022001","34979","Ala - Centro"
"94","Trento","93","Ala","022001","34971","Chizzola"
"94","Trento","93","Ala","022001","34972","Marani"
"94","Trento","93","Ala","022001","34973","Pilcante"
"94","Trento","93","Ala","022001","34974","Ronchi di Ala"
"94","Trento","93","Ala","022001","34975","Santa Margherita"
"94","Trento","93","Ala","022001","34976","Sdruzzinà"
"94","Trento","93","Ala","022001","34977","Sega"
"94","Trento","93","Ala","022001","34978","Serravalle"
"94","Trento","124","Albiano","022002","34984","Albiano"
"94","Trento","124","Albiano","022002","34983","Albiano - Centro"
"94","Trento","124","Albiano","022002","34981","Barco di Sopra"
"94","Trento","124","Albiano","022002","34982","Barco di Sotto"
"94","Trento","141","Aldeno","022003","34986","Aldeno"
"94","Trento","141","Aldeno","022003","34985","Aldeno - Centro"
"94","Trento","2724","Altavalle","022235","35317","Faver"
"94","Trento","2724","Altavalle","022235","35316","Faver - Centro"
"94","Trento","2724","Altavalle","022235","35398","Ferrai"
"94","Trento","2724","Altavalle","022235","35399","Gaiardi"
"94","Trento","2724","Altavalle","022235","35400","Giiovanni"
"94","Trento","2724","Altavalle","022235","35384","Grauno"
"94","Trento","2724","Altavalle","022235","35383","Grauno - Centro"
"94","Trento","2724","Altavalle","022235","35411","Grumes"
"94","Trento","2724","Altavalle","022235","35410","Grumes - Centro"
"94","Trento","2724","Altavalle","022235","35401","La Rio"
"94","Trento","2724","Altavalle","022235","35402","Greggion"
"94","Trento","2724","Altavalle","022235","35403","Noldi"
"94","Trento","2724","Altavalle","022235","35404","Orion"
"94","Trento","2724","Altavalle","022235","35405","Pinteri"
"94","Trento","2724","Altavalle","022235","35406","Pojeri"
"94","Trento","2724","Altavalle","022235","35314","Ponciach"
"94","Trento","2724","Altavalle","022235","35315","Portegnago"
"94","Trento","2724","Altavalle","022235","35407","Rella"
"94","Trento","2724","Altavalle","022235","35408","Rosa"
"94","Trento","2724","Altavalle","022235","35409","Todescatt"
"94","Trento","2724","Altavalle","022235","35934","Valda"
"94","Trento","2724","Altavalle","022235","35933","Valda - Centro"
"94","Trento","851","Altopiano della Vigolana","022236","35072","Bosentino"
"94","Trento","851","Altopiano della Vigolana","022236","35071","Bosentino - Centro"
"94","Trento","851","Altopiano della Vigolana","022236","35224","Centa San Nicolò"
"94","Trento","851","Altopiano della Vigolana","022236","35223","Centa San Nicolò - Centro"
"94","Trento","851","Altopiano della Vigolana","022236","35953","Pian dei Pradi"
"94","Trento","851","Altopiano della Vigolana","022236","35955","Vattaro"
"94","Trento","851","Altopiano della Vigolana","022236","35954","Vattaro - Centro"
"94","Trento","851","Altopiano della Vigolana","022236","35985","Vigolo Vattaro"
"94","Trento","851","Altopiano della Vigolana","022236","35984","Vigolo Vattaro - Centro"
"94","Trento","213","Amblar - Don","022237","34990","Amblar"
"94","Trento","213","Amblar - Don","022237","34989","Amblar - Centro"
"94","Trento","213","Amblar - Don","022237","34987","Belvedere"
"94","Trento","213","Amblar - Don","022237","35284","Brusàdi"
"94","Trento","213","Amblar - Don","022237","35289","Don"
"94","Trento","213","Amblar - Don","022237","35288","Don - Centro"
"94","Trento","213","Amblar - Don","022237","34988","Molini"
"94","Trento","213","Amblar - Don","022237","35285","Villa di Mezzo"
"94","Trento","213","Amblar - Don","022237","35286","Villa di Sopra"
"94","Trento","213","Amblar - Don","022237","35287","Villa di Sotto"
"94","Trento","225","Andalo","022005","34992","Andalo"
"94","Trento","225","Andalo","022005","34991","Andalo - Centro"
"94","Trento","300","Arco","022006","34994","Arco"
"94","Trento","300","Arco","022006","43033","Bolognano"
"94","Trento","300","Arco","022006","43030","Caneve"
"94","Trento","300","Arco","022006","34993","Arco - Centro"
"94","Trento","300","Arco","022006","43037","Chiarano"
"94","Trento","300","Arco","022006","43036","Località Gazzi"
"94","Trento","300","Arco","022006","43032","Massone"
"94","Trento","300","Arco","022006","43034","Pratosaiano"
"94","Trento","300","Arco","022006","43029","San Giorgio"
"94","Trento","300","Arco","022006","43031","San Martino"
"94","Trento","300","Arco","022006","43039","Varignano"
"94","Trento","300","Arco","022006","43038","Vigne"
"94","Trento","300","Arco","022006","43035","Vignole"
"94","Trento","422","Avio","022007","35002","Avio"
"94","Trento","422","Avio","022007","35001","Avio - Centro"
"94","Trento","422","Avio","022007","34995","Borghetto"
"94","Trento","422","Avio","022007","34996","Mama"
"94","Trento","422","Avio","022007","34997","Masi"
"94","Trento","422","Avio","022007","34998","Sabbionara"
"94","Trento","422","Avio","022007","34999","Vò Destro"
"94","Trento","422","Avio","022007","35000","Vò Sinistro"
"94","Trento","557","Baselga di Pinè","022009","35013","Baselga di Pinè"
"94","Trento","557","Baselga di Pinè","022009","35012","Baselga di Pinè - Centro"
"94","Trento","557","Baselga di Pinè","022009","35003","Faida"
"94","Trento","557","Baselga di Pinè","022009","35004","Miola"
"94","Trento","557","Baselga di Pinè","022009","35005","Montagnaga"
"94","Trento","557","Baselga di Pinè","022009","35006","Ricaldo"
"94","Trento","557","Baselga di Pinè","022009","35007","Rizzolaga"
"94","Trento","557","Baselga di Pinè","022009","35008","San Mauro"
"94","Trento","557","Baselga di Pinè","022009","35009","Ternigo"
"94","Trento","557","Baselga di Pinè","022009","35010","Tressilla"
"94","Trento","557","Baselga di Pinè","022009","35011","Vigo Ferrari"
"94","Trento","585","Bedollo","022011","35018","Bedollo"
"94","Trento","585","Bedollo","022011","35017","Bedollo - Centro"
"94","Trento","585","Bedollo","022011","35014","Brusago"
"94","Trento","585","Bedollo","022011","35015","Piazze"
"94","Trento","585","Bedollo","022011","35016","Regnana"
"94","Trento","664","Besenello","022013","35022","Acquaviva"
"94","Trento","664","Besenello","022013","35026","Besenello"
"94","Trento","664","Besenello","022013","35025","Besenello - Centro"
"94","Trento","664","Besenello","022013","35023","Compet"
"94","Trento","664","Besenello","022013","35024","Dietrobeseno"
"94","Trento","694","Bieno","022015","35030","Bieno"
"94","Trento","694","Bieno","022015","35029","Bieno - Centro"
"94","Trento","720","Bleggio Superiore","022017","35057","Bleggio Superiore"
"94","Trento","720","Bleggio Superiore","022017","35056","Bleggio Superiore - Centro"
"94","Trento","720","Bleggio Superiore","022017","35046","Cavaione"
"94","Trento","720","Bleggio Superiore","022017","35047","Cavrasto"
"94","Trento","720","Bleggio Superiore","022017","35048","Cornelle"
"94","Trento","720","Bleggio Superiore","022017","35049","Gallio"
"94","Trento","720","Bleggio Superiore","022017","35050","Larido"
"94","Trento","720","Bleggio Superiore","022017","35051","Madice - Balbido"
"94","Trento","720","Bleggio Superiore","022017","35052","Marazzone"
"94","Trento","720","Bleggio Superiore","022017","35053","Marcè"
"94","Trento","720","Bleggio Superiore","022017","35054","Rango - Bivedo"
"94","Trento","720","Bleggio Superiore","022017","35055","Santa Croce"
"94","Trento","732","Bocenago","022018","35059","Bocenago"
"94","Trento","732","Bocenago","022018","35058","Bocenago - Centro"
"94","Trento","768","Bondone","022021","35064","Baitoni"
"94","Trento","768","Bondone","022021","35066","Bondone"
"94","Trento","768","Bondone","022021","35065","Bondone - Centro"
"94","Trento","929","Borgo Chiese","022238","14769","Brione"
"94","Trento","929","Borgo Chiese","022238","14768","Brione - Centro"
"94","Trento","929","Borgo Chiese","022238","35226","Cimego"
"94","Trento","929","Borgo Chiese","022238","35225","Cimego - Centro"
"94","Trento","929","Borgo Chiese","022238","35260","Condino"
"94","Trento","929","Borgo Chiese","022238","35259","Condino - Centro"
"94","Trento","1647","Borgo d'Anaunia","022252","35185","Castelfondo"
"94","Trento","1647","Borgo d'Anaunia","022252","35184","Castelfondo - Centro"
"94","Trento","1647","Borgo d'Anaunia","022252","35181","Cologna"
"94","Trento","1647","Borgo d'Anaunia","022252","35354","Fondo"
"94","Trento","1647","Borgo d'Anaunia","022252","35353","Fondo - Centro"
"94","Trento","1647","Borgo d'Anaunia","022252","35182","La Villa"
"94","Trento","1647","Borgo d'Anaunia","022252","35491","Malosco"
"94","Trento","1647","Borgo d'Anaunia","022252","35490","Malosco - Centro"
"94","Trento","1647","Borgo d'Anaunia","022252","35183","Plaz"
"94","Trento","1647","Borgo d'Anaunia","022252","35350","Plaze"
"94","Trento","1647","Borgo d'Anaunia","022252","35351","Tret"
"94","Trento","1647","Borgo d'Anaunia","022252","35352","Vasio"
"94","Trento","742","Borgo Lares","022239","35061","Bolbeno"
"94","Trento","742","Borgo Lares","022239","35060","Bolbeno - Centro"
"94","Trento","742","Borgo Lares","022239","36006","Giugià"
"94","Trento","742","Borgo Lares","022239","36008","Zuclo"
"94","Trento","742","Borgo Lares","022239","36007","Zuclo - Centro"
"94","Trento","811","Borgo Valsugana","022022","35067","Olle"
"94","Trento","811","Borgo Valsugana","022022","35068","Sella"
"94","Trento","811","Borgo Valsugana","022022","35070","Valsugana"
"94","Trento","811","Borgo Valsugana","022022","35069","Valsugana - Centro"
"94","Trento","905","Brentonico","022025","35075","Lera"
"94","Trento","905","Brentonico","022025","35089","Brentonico"
"94","Trento","905","Brentonico","022025","35088","Brentonico - Centro"
"94","Trento","905","Brentonico","022025","35076","Castione"
"94","Trento","905","Brentonico","022025","35077","Cazzano"
"94","Trento","905","Brentonico","022025","35078","Cornè"
"94","Trento","905","Brentonico","022025","35079","Crosano"
"94","Trento","905","Brentonico","022025","35080","Fontana"
"94","Trento","905","Brentonico","022025","35081","Fontechel"
"94","Trento","905","Brentonico","022025","35082","Prada"
"94","Trento","905","Brentonico","022025","35083","Saccone"
"94","Trento","905","Brentonico","022025","35084","San Giacomo"
"94","Trento","905","Brentonico","022025","35085","San Valentino"
"94","Trento","905","Brentonico","022025","35086","Sorne"
"94","Trento","905","Brentonico","022025","35087","Vigo"
"94","Trento","909","Bresimo","022026","35090","Baselga"
"94","Trento","909","Bresimo","022026","35091","Bevia"
"94","Trento","909","Bresimo","022026","35095","Bresimo"
"94","Trento","909","Bresimo","022026","35094","Bresimo - Centro"
"94","Trento","909","Bresimo","022026","35092","Fontana"
"94","Trento","909","Bresimo","022026","35093","Fontana Nuova"
"94","Trento","914","Brez","022027","35096","Arsio"
"94","Trento","914","Brez","022027","35102","Brez"
"94","Trento","914","Brez","022027","35101","Brez - Centro"
"94","Trento","914","Brez","022027","35097","Carnalez"
"94","Trento","914","Brez","022027","35098","Rivo"
"94","Trento","914","Brez","022027","35099","Salobbi"
"94","Trento","914","Brez","022027","35100","Traversara"
"94","Trento","1031","Caderzone Terme","022029","35106","Caderzone"
"94","Trento","1031","Caderzone Terme","022029","35105","Caderzone - Centro"
"94","Trento","1044","Cagnò","022030","35109","Cagnò"
"94","Trento","1044","Cagnò","022030","35108","Cagnò - Centro"
"94","Trento","1044","Cagnò","022030","35107","Frari"
"94","Trento","1068","Calceranica al Lago","022032","35114","Calceranica"
"94","Trento","1068","Calceranica al Lago","022032","35120","Calceranica al Lago"
"94","Trento","1068","Calceranica al Lago","022032","35119","Calceranica al Lago - Centro"
"94","Trento","1068","Calceranica al Lago","022032","35115","Marini"
"94","Trento","1068","Calceranica al Lago","022032","35116","Murari"
"94","Trento","1068","Calceranica al Lago","022032","35117","Pieve della Mandola"
"94","Trento","1068","Calceranica al Lago","022032","35118","Pradi"
"94","Trento","1079","Caldes","022033","35121","Bordiana"
"94","Trento","1079","Caldes","022033","35122","Bozzana"
"94","Trento","1079","Caldes","022033","35128","Caldes"
"94","Trento","1079","Caldes","022033","35127","Caldes - Centro"
"94","Trento","1079","Caldes","022033","35123","Cassana"
"94","Trento","1079","Caldes","022033","35124","Samoclevo"
"94","Trento","1079","Caldes","022033","35125","San Giacomo"
"94","Trento","1079","Caldes","022033","35126","Tozzaga"
"94","Trento","1082","Caldonazzo","022034","35132","Caldonazzo"
"94","Trento","1082","Caldonazzo","022034","35131","Caldonazzo - Centro"
"94","Trento","1082","Caldonazzo","022034","35129","Lochere"
"94","Trento","1082","Caldonazzo","022034","35130","Monte Rovere"
"94","Trento","1092","Calliano","022035","24089","Calliano"
"94","Trento","1092","Calliano","022035","24088","Calliano - Centro"
"94","Trento","1166","Campitello di Fassa","022036","35138","Campitello di Fassa"
"94","Trento","1166","Campitello di Fassa","022036","35137","Campitello di Fassa - Centro"
"94","Trento","1166","Campitello di Fassa","022036","35135","Cercenà"
"94","Trento","1166","Campitello di Fassa","022036","35136","Pian"
"94","Trento","1180","Campodenno","022037","35148","Campodenno"
"94","Trento","1180","Campodenno","022037","35147","Campodenno - Centro"
"94","Trento","1180","Campodenno","022037","35139","Dercolo"
"94","Trento","1180","Campodenno","022037","35140","Ischia"
"94","Trento","1180","Campodenno","022037","35141","Lover"
"94","Trento","1180","Campodenno","022037","35142","Maso Bolner"
"94","Trento","1180","Campodenno","022037","35143","Maso Sant'Angelo"
"94","Trento","1180","Campodenno","022037","35144","Quetta"
"94","Trento","1180","Campodenno","022037","35145","Segonzone"
"94","Trento","1180","Campodenno","022037","35146","Termon"
"94","Trento","1215","Canal San Bovo","022038","35156","Canal San Bovo"
"94","Trento","1215","Canal San Bovo","022038","35155","Canal San Bovo - Centro"
"94","Trento","1215","Canal San Bovo","022038","35149","Canale"
"94","Trento","1215","Canal San Bovo","022038","35150","Caoria"
"94","Trento","1215","Canal San Bovo","022038","35151","Gobbera"
"94","Trento","1215","Canal San Bovo","022038","35152","Prade"
"94","Trento","1215","Canal San Bovo","022038","35153","Ronco"
"94","Trento","1215","Canal San Bovo","022038","35154","Zortea"
"94","Trento","1220","Canazei","022039","35157","Alba"
"94","Trento","1220","Canazei","022039","35161","Canazei"
"94","Trento","1220","Canazei","022039","35160","Canazei - Centro"
"94","Trento","1220","Canazei","022039","35158","Gries"
"94","Trento","1220","Canazei","022039","35159","Penia"
"94","Trento","1316","Capriana","022040","35167","Capriana"
"94","Trento","1316","Capriana","022040","35166","Capriana - Centro"
"94","Trento","1316","Capriana","022040","35162","Carbonare"
"94","Trento","1316","Capriana","022040","35164","Masi Conti"
"94","Trento","1316","Capriana","022040","35163","Doss"
"94","Trento","1316","Capriana","022040","35165","Rover"
"94","Trento","1383","Carisolo","022042","35176","Carisolo"
"94","Trento","1383","Carisolo","022042","35175","Carisolo - Centro"
"94","Trento","1438","Carzano","022043","35178","Carzano"
"94","Trento","1438","Carzano","022043","35177","Carzano - Centro"
"94","Trento","1589","Castel Condino","022045","35180","Castel Condino"
"94","Trento","1589","Castel Condino","022045","35179","Castel Condino - Centro"
"94","Trento","7021","Castel Ivano","022240","35427","Fracena"
"94","Trento","7021","Castel Ivano","022240","35428","Ivano"
"94","Trento","7021","Castel Ivano","022240","35430","Ivano - Fracena"
"94","Trento","7021","Castel Ivano","022240","35429","Ivano - Fracena - Centro"
"94","Trento","7021","Castel Ivano","022240","35781","Spera"
"94","Trento","7021","Castel Ivano","022240","35780","Spera - Centro"
"94","Trento","7021","Castel Ivano","022240","35808","Strigno"
"94","Trento","7021","Castel Ivano","022240","35807","Strigno - Centro"
"94","Trento","7021","Castel Ivano","022240","35987","Villa Agnedo"
"94","Trento","7021","Castel Ivano","022240","35986","Villa Agnedo - Centro"
"94","Trento","1712","Castello Molina di Fiemme","022047","35190","Castello"
"94","Trento","1712","Castello Molina di Fiemme","022047","35195","Castello - Molina di Fiemme"
"94","Trento","1712","Castello Molina di Fiemme","022047","35194","Castello - Molina di Fiemme - Centro"
"94","Trento","1712","Castello Molina di Fiemme","022047","35191","Molina"
"94","Trento","1712","Castello Molina di Fiemme","022047","35192","Predaia"
"94","Trento","1712","Castello Molina di Fiemme","022047","35193","Stramentizzo"
"94","Trento","1713","Castello Tesino","022048","35189","Castello Tesino"
"94","Trento","1713","Castello Tesino","022048","35188","Castello Tesino - Centro"
"94","Trento","1713","Castello Tesino","022048","35186","Fradea"
"94","Trento","1713","Castello Tesino","022048","35187","Passo Brocon"
"94","Trento","1730","Castelnuovo","022049","35197","Castelnuovo"
"94","Trento","1730","Castelnuovo","022049","35196","Castelnuovo - Centro"
"94","Trento","1847","Cavalese","022050","35198","Alpe Cermis"
"94","Trento","1847","Cavalese","022050","35202","Cavalese"
"94","Trento","1847","Cavalese","022050","35201","Cavalese - Centro"
"94","Trento","1847","Cavalese","022050","35200","Masi di Cavalese"
"94","Trento","1847","Cavalese","022050","35199","Marco"
"94","Trento","1854","Cavareno","022051","35203","Ausiel"
"94","Trento","1854","Cavareno","022051","35204","Bus"
"94","Trento","1854","Cavareno","022051","35210","Cavareno"
"94","Trento","1854","Cavareno","022051","35209","Cavareno - Centro"
"94","Trento","1854","Cavareno","022051","35205","Larseti"
"94","Trento","1854","Cavareno","022051","35206","Ruch"
"94","Trento","1854","Cavareno","022051","35207","Sovic"
"94","Trento","1854","Cavareno","022051","35208","Splazuela"
"94","Trento","1863","Cavedago","022052","35212","Cavedago"
"94","Trento","1863","Cavedago","022052","35211","Cavedago - Centro"
"94","Trento","1864","Cavedine","022053","35213","Brusino"
"94","Trento","1864","Cavedine","022053","35218","Cavedine"
"94","Trento","1864","Cavedine","022053","35217","Cavedine - Centro"
"94","Trento","1864","Cavedine","022053","35214","Monti di Cavedine"
"94","Trento","1864","Cavedine","022053","35215","Stravino"
"94","Trento","1864","Cavedine","022053","35216","Vigo Cavedine"
"94","Trento","1869","Cavizzana","022054","35220","Cavizzana"
"94","Trento","1869","Cavizzana","022054","35219","Cavizzana - Centro"
"94","Trento","1908","Cembra Lisignago","022241","35222","Cembra"
"94","Trento","1908","Cembra Lisignago","022241","35221","Cembra - Centro"
"94","Trento","1908","Cembra Lisignago","022241","35460","Lisignago"
"94","Trento","1908","Cembra Lisignago","022241","35459","Lisignago - Centro"
"94","Trento","2105","Cimone","022058","35228","Cimone"
"94","Trento","2105","Cimone","022058","35227","Cimone - Centro"
"94","Trento","2116","Cinte Tesino","022059","35230","Cinte Tesino"
"94","Trento","2116","Cinte Tesino","022059","35229","Cinte Tesino - Centro"
"94","Trento","2128","Cis","022060","35233","Cis"
"94","Trento","2128","Cis","022060","35232","Cis - Centro"
"94","Trento","2128","Cis","022060","35231","Mostizzolo"
"94","Trento","2152","Civezzano","022061","35234","Castel Telvana"
"94","Trento","2152","Civezzano","022061","35237","Civezzano"
"94","Trento","2152","Civezzano","022061","35236","Civezzano - Centro"
"94","Trento","2152","Civezzano","022061","35235","Santa Colomba"
"94","Trento","2182","Cles","022062","35238","Caltron"
"94","Trento","2182","Cles","022062","35242","Cles"
"94","Trento","2182","Cles","022062","35241","Cles - Centro"
"94","Trento","2182","Cles","022062","35239","Mechel"
"94","Trento","2182","Cles","022062","35240","Pez"
"94","Trento","2185","Cloz","022063","35244","Cloz"
"94","Trento","2185","Cloz","022063","35243","Cloz - Centro"
"94","Trento","8095","Comano Terme","022228","35031","Biè"
"94","Trento","8095","Comano Terme","022228","40618","Bleggio Inferiore"
"94","Trento","8095","Comano Terme","022228","35032","Bono"
"94","Trento","8095","Comano Terme","022228","35463","Campo Maggiore"
"94","Trento","8095","Comano Terme","022228","35033","Cares"
"94","Trento","8095","Comano Terme","022228","35464","Castel Campo"
"94","Trento","8095","Comano Terme","022228","35034","Cillà"
"94","Trento","8095","Comano Terme","022228","35465","Comano"
"94","Trento","8095","Comano Terme","022228","35035","Comighello"
"94","Trento","8095","Comano Terme","022228","35466","Dasìndo"
"94","Trento","8095","Comano Terme","022228","35036","Duvredo"
"94","Trento","8095","Comano Terme","022228","35467","Godènzo"
"94","Trento","8095","Comano Terme","022228","35474","Lomaso"
"94","Trento","8095","Comano Terme","022228","35468","Lundo"
"94","Trento","8095","Comano Terme","022228","35469","Pòia"
"94","Trento","8095","Comano Terme","022228","35470","Ponte Arche"
"94","Trento","8095","Comano Terme","022228","35038","Santa Croce"
"94","Trento","8095","Comano Terme","022228","35039","Sesto"
"94","Trento","8095","Comano Terme","022228","35471","Terme di Comano"
"94","Trento","8095","Comano Terme","022228","35040","Tignerone"
"94","Trento","8095","Comano Terme","022228","35041","Val d'Algone"
"94","Trento","8095","Comano Terme","022228","35042","Vergonzo"
"94","Trento","8095","Comano Terme","022228","35472","Vigo Lomaso"
"94","Trento","8095","Comano Terme","022228","35043","Villa"
"94","Trento","2280","Commezzadura","022064","35245","Almazzago"
"94","Trento","2280","Commezzadura","022064","35253","Commezzadura"
"94","Trento","2280","Commezzadura","022064","35252","Commezzadura - Centro"
"94","Trento","2280","Commezzadura","022064","35246","Costa Rotian"
"94","Trento","2280","Commezzadura","022064","35247","Daolasa"
"94","Trento","2280","Commezzadura","022064","35248","Deggiano"
"94","Trento","2280","Commezzadura","022064","35249","Mastellina"
"94","Trento","2280","Commezzadura","022064","35250","Mestriago"
"94","Trento","2280","Commezzadura","022064","35251","Piano"
"94","Trento","2487","Contà","022242","35267","Cunevo"
"94","Trento","2487","Contà","022242","35266","Cunevo - Centro"
"94","Trento","2487","Contà","022242","35337","Flavon"
"94","Trento","2487","Contà","022242","35336","Flavon - Centro"
"94","Trento","2487","Contà","022242","35849","Terres"
"94","Trento","2487","Contà","022242","35848","Terres - Centro"
"94","Trento","2472","Croviana","022068","35265","Croviana"
"94","Trento","2472","Croviana","022068","35264","Croviana - Centro"
"94","Trento","2520","Dambel","022071","35271","Dambel"
"94","Trento","2520","Dambel","022071","35270","Dambel - Centro"
"94","Trento","2542","Denno","022074","35278","Denno"
"94","Trento","2542","Denno","022074","35277","Denno - Centro"
"94","Trento","2559","Dimaro Folgarida","022233","35279","Carciato"
"94","Trento","2559","Dimaro Folgarida","022233","35280","Casina"
"94","Trento","2559","Dimaro Folgarida","022233","35283","Dimaro"
"94","Trento","2559","Dimaro Folgarida","022233","35282","Dimaro - Centro"
"94","Trento","2559","Dimaro Folgarida","022233","35281","Folgarida"
"94","Trento","2559","Dimaro Folgarida","022233","35530","Monclassico"
"94","Trento","2559","Dimaro Folgarida","022233","35529","Monclassico - Centro"
"94","Trento","2559","Dimaro Folgarida","022233","35528","Presson"
"94","Trento","2604","Drena","022078","35293","Drena"
"94","Trento","2604","Drena","022078","35292","Drena - Centro"
"94","Trento","2609","Dro","022079","35294","Ceniga"
"94","Trento","2609","Dro","022079","35295","Centrale Volta"
"94","Trento","2609","Dro","022079","35299","Dro"
"94","Trento","2609","Dro","022079","35298","Dro - Centro"
"94","Trento","2609","Dro","022079","35296","Maso Gobbo"
"94","Trento","2609","Dro","022079","35297","Pietramurata"
"94","Trento","2674","Faedo","022080","35300","Barco"
"94","Trento","2674","Faedo","022080","35301","Cadino"
"94","Trento","2674","Faedo","022080","35302","Canazzi"
"94","Trento","2674","Faedo","022080","35308","Faedo"
"94","Trento","2674","Faedo","022080","35307","Faedo - Centro"
"94","Trento","2674","Faedo","022080","35303","Masetto"
"94","Trento","2674","Faedo","022080","35304","Molini"
"94","Trento","2674","Faedo","022080","35305","Pineta"
"94","Trento","2674","Faedo","022080","35306","Villa Piccola"
"94","Trento","2684","Fai della Paganella","022081","35309","Al Plaz"
"94","Trento","2684","Fai della Paganella","022081","35310","Cortalta"
"94","Trento","2684","Fai della Paganella","022081","35313","Fai della Paganella"
"94","Trento","2684","Fai della Paganella","022081","35312","Fai della Paganella - Centro"
"94","Trento","2684","Fai della Paganella","022081","35311","Santel"
"94","Trento","2758","Fiavè","022083","35318","Ballìno"
"94","Trento","2758","Fiavè","022083","35319","Castelcampo"
"94","Trento","2758","Fiavè","022083","35320","Castìl"
"94","Trento","2758","Fiavè","022083","35321","Cornelle"
"94","Trento","2758","Fiavè","022083","35322","Doss"
"94","Trento","2758","Fiavè","022083","35323","Favrio"
"94","Trento","2758","Fiavè","022083","35328","Fiavè"
"94","Trento","2758","Fiavè","022083","35327","Fiavè - Centro"
"94","Trento","2758","Fiavè","022083","35324","Stumiàga"
"94","Trento","2758","Fiavè","022083","35325","Torbiera"
"94","Trento","2758","Fiavè","022083","35326","Valéc"
"94","Trento","2766","Fierozzo","022085","35335","Fierozzo"
"94","Trento","2766","Fierozzo","022085","35334","Fierozzo - Centro"
"94","Trento","2766","Fierozzo","022085","35332","San Felice"
"94","Trento","2766","Fierozzo","022085","35333","San Francesco"
"94","Trento","2827","Folgaria","022087","35338","Carbonare"
"94","Trento","2827","Folgaria","022087","35339","Costa di Folgaria"
"94","Trento","2827","Folgaria","022087","35349","Folgaria"
"94","Trento","2827","Folgaria","022087","35348","Folgaria - Centro"
"94","Trento","2827","Folgaria","022087","35340","Fondo Grande"
"94","Trento","2827","Folgaria","022087","35341","Fondo Piccolo"
"94","Trento","2827","Folgaria","022087","35342","Francolini"
"94","Trento","2827","Folgaria","022087","35343","Guardia"
"94","Trento","2827","Folgaria","022087","35344","Mezzaselva"
"94","Trento","2827","Folgaria","022087","35345","Nosellari"
"94","Trento","2827","Folgaria","022087","35346","San Sebastiano"
"94","Trento","2827","Folgaria","022087","35347","Serrada"
"94","Trento","2881","Fornace","022089","35359","Fornace"
"94","Trento","2881","Fornace","022089","35358","Fornace - Centro"
"94","Trento","2881","Fornace","022089","35355","Santo Stefano"
"94","Trento","2881","Fornace","022089","35356","Valle"
"94","Trento","2881","Fornace","022089","35357","Villaggio Pian del Gac"
"94","Trento","2930","Frassilongo","022090","35360","Auserpergh)"
"94","Trento","2930","Frassilongo","022090","35366","Frassilongo"
"94","Trento","2930","Frassilongo","022090","35365","Frassilongo - Centro"
"94","Trento","2930","Frassilongo","022090","35361","Frassilongo (Inderpergh)"
"94","Trento","2930","Frassilongo","022090","35362","Mitterpergh"
"94","Trento","2930","Frassilongo","022090","35363","Oeberpergh)"
"94","Trento","2930","Frassilongo","022090","35364","Roveda (Unterpergh)"
"94","Trento","3052","Garniga Terme","022091","35370","Garniga Terme"
"94","Trento","3052","Garniga Terme","022091","35369","Garniga Terme - Centro"
"94","Trento","3052","Garniga Terme","022091","35367","Piazza"
"94","Trento","3052","Garniga Terme","022091","35368","Zobio"
"94","Trento","3152","Giovo","022092","35371","Ceola"
"94","Trento","3152","Giovo","022092","35377","Ville di Sopra"
"94","Trento","3152","Giovo","022092","35378","Ville di Sotto"
"94","Trento","3152","Giovo","022092","35380","Giovo"
"94","Trento","3152","Giovo","022092","35379","Giovo - Centro"
"94","Trento","3152","Giovo","022092","35372","Masen"
"94","Trento","3152","Giovo","022092","35373","Mosana"
"94","Trento","3152","Giovo","022092","35374","Palù"
"94","Trento","3152","Giovo","022092","35375","Valternigo"
"94","Trento","3152","Giovo","022092","35376","Verla di Giovo"
"94","Trento","3169","Giustino","022093","35382","Giustino"
"94","Trento","3169","Giustino","022093","35381","Giustino - Centro"
"94","Trento","3258","Grigno","022095","35385","Belvederi"
"94","Trento","3258","Grigno","022095","35386","Filippini"
"94","Trento","3258","Grigno","022095","35397","Grigno"
"94","Trento","3258","Grigno","022095","35396","Grigno - Centro"
"94","Trento","3258","Grigno","022095","35387","Martincelli"
"94","Trento","3258","Grigno","022095","35388","Masi Ornè"
"94","Trento","3258","Grigno","022095","35389","Palù"
"94","Trento","3258","Grigno","022095","35390","Pianello"
"94","Trento","3258","Grigno","022095","35391","Puele"
"94","Trento","3258","Grigno","022095","35392","Selva"
"94","Trento","3258","Grigno","022095","35393","Serafini"
"94","Trento","3258","Grigno","022095","35394","Tezze"
"94","Trento","3258","Grigno","022095","35395","Tollo"
"94","Trento","3342","Imer","022097","35412","Masi di Imer"
"94","Trento","3342","Imer","022097","35416","Imer"
"94","Trento","3342","Imer","022097","35415","Imer - Centro"
"94","Trento","3342","Imer","022097","35413","Pezze"
"94","Trento","3342","Imer","022097","35414","Pontet"
"94","Trento","3372","Isera","022098","35417","Bordala"
"94","Trento","3372","Isera","022098","35418","Casette"
"94","Trento","3372","Isera","022098","35419","Cornalè"
"94","Trento","3372","Isera","022098","35420","Folaso"
"94","Trento","3372","Isera","022098","35426","Isera"
"94","Trento","3372","Isera","022098","35425","Isera - Centro"
"94","Trento","3372","Isera","022098","35421","Lenzima"
"94","Trento","3372","Isera","022098","35422","Marano"
"94","Trento","3372","Isera","022098","35423","Patone"
"94","Trento","3372","Isera","022098","35424","Reviano"
"94","Trento","3512","Lavarone","022102","35435","Azzolini"
"94","Trento","3512","Lavarone","022102","35436","Bertoldi"
"94","Trento","3512","Lavarone","022102","35437","Cappella"
"94","Trento","3512","Lavarone","022102","35438","Chiesa di Lavarone"
"94","Trento","3512","Lavarone","022102","35439","Gionghi"
"94","Trento","3512","Lavarone","022102","35442","Lavarone"
"94","Trento","3512","Lavarone","022102","35441","Lavarone - Centro"
"94","Trento","3512","Lavarone","022102","35440","Malga Laghetto"
"94","Trento","3518","Lavis","022103","35447","Lavis"
"94","Trento","3518","Lavis","022103","35446","Lavis - Centro"
"94","Trento","3518","Lavis","022103","35443","Nave San Felice"
"94","Trento","3518","Lavis","022103","35444","Pressano"
"94","Trento","3518","Lavis","022103","35445","Sorni"
"94","Trento","8105","Ledro","022229","35517","Barcesino"
"94","Trento","8105","Ledro","022229","41192","Bezzecca"
"94","Trento","8105","Ledro","022229","35518","Biacesa"
"94","Trento","8105","Ledro","022229","35258","Concei"
"94","Trento","8105","Ledro","022229","35257","Concei - Centro"
"94","Trento","8105","Ledro","022229","35858","Degara"
"94","Trento","8105","Ledro","022229","35254","Enguiso"
"94","Trento","8105","Ledro","022229","35519","Legos"
"94","Trento","8105","Ledro","022229","35255","Lenzumo"
"94","Trento","8105","Ledro","022229","35256","Locca"
"94","Trento","8105","Ledro","022229","35606","Mezzolago"
"94","Trento","8105","Ledro","022229","35859","Moi"
"94","Trento","8105","Ledro","022229","35522","Molina di Ledro"
"94","Trento","8105","Ledro","022229","35521","Molina di Ledro - Centro"
"94","Trento","8105","Ledro","022229","35608","Pieve di Ledro"
"94","Trento","8105","Ledro","022229","35607","Pieve di Ledro - Centro"
"94","Trento","8105","Ledro","022229","35520","Prè"
"94","Trento","8105","Ledro","022229","41193","Tiarno di Sopra"
"94","Trento","8105","Ledro","022229","35862","Tiarno di Sotto"
"94","Trento","8105","Ledro","022229","35861","Tiarno di Sotto - Centro"
"94","Trento","8105","Ledro","022229","35860","Villa"
"94","Trento","3570","Levico Terme","022104","35448","Barco"
"94","Trento","3570","Levico Terme","022104","35449","Campiello"
"94","Trento","3570","Levico Terme","022104","35450","Levico"
"94","Trento","3570","Levico Terme","022104","35458","Levico Terme"
"94","Trento","3570","Levico Terme","022104","35457","Levico Terme - Centro"
"94","Trento","3570","Levico Terme","022104","35451","Preghena"
"94","Trento","3570","Levico Terme","022104","35452","Quaere"
"94","Trento","3570","Levico Terme","022104","35453","Santa Giuliana"
"94","Trento","3570","Levico Terme","022104","35454","Scanna"
"94","Trento","3570","Levico Terme","022104","35455","Selva"
"94","Trento","3570","Levico Terme","022104","35456","Varollo"
"94","Trento","3610","Livo","022106","16106","Livo"
"94","Trento","3610","Livo","022106","16105","Livo - Centro"
"94","Trento","3641","Lona Lases","022108","35476","Lona - Lases"
"94","Trento","3641","Lona Lases","022108","35475","Lona - Lases - Centro"
"94","Trento","3711","Luserna","022109","35483","Luserna"
"94","Trento","3711","Luserna","022109","35482","Luserna - Centro"
"94","Trento","3711","Luserna","022109","35477","Masetti"
"94","Trento","3711","Luserna","022109","35478","Millegrobbe / Millegruam"
"94","Trento","3711","Luserna","022109","35479","Monterovere / Monteruf"
"94","Trento","3711","Luserna","022109","35480","Passo Vezzena / Vesan"
"94","Trento","3711","Luserna","022109","35481","Tezze / Tetsch"
"94","Trento","1066","Madruzzo","022243","35113","Calavino"
"94","Trento","1066","Madruzzo","022243","35112","Calavino - Centro"
"94","Trento","1066","Madruzzo","022243","35110","Lagolo"
"94","Trento","1066","Madruzzo","022243","35434","Lasino"
"94","Trento","1066","Madruzzo","022243","35433","Lasino - Centro"
"94","Trento","1066","Madruzzo","022243","35111","Sarche"
"94","Trento","3783","Malè","022110","35484","Arnago"
"94","Trento","3783","Malè","022110","35485","Bolentina"
"94","Trento","3783","Malè","022110","35486","Magras"
"94","Trento","3783","Malè","022110","35489","Malè"
"94","Trento","3783","Malè","022110","35488","Malè - Centro"
"94","Trento","3783","Malè","022110","35487","Montes"
"94","Trento","3946","Massimeno","022112","35492","Malga Movlina"
"94","Trento","3946","Massimeno","022112","35494","Massimeno"
"94","Trento","3946","Massimeno","022112","35493","Massimeno - Centro"
"94","Trento","3965","Mazzin","022113","35495","Campestrin"
"94","Trento","3965","Mazzin","022113","35496","Fontanazzo di Sopra"
"94","Trento","3965","Mazzin","022113","35497","Fontanazzo di Sotto"
"94","Trento","3965","Mazzin","022113","35499","Mazzin"
"94","Trento","3965","Mazzin","022113","35498","Mazzin - Centro"
"94","Trento","4042","Mezzana","022114","35500","Marilleva"
"94","Trento","4042","Mezzana","022114","35502","Mezzana"
"94","Trento","4042","Mezzana","022114","35501","Mezzana - Centro"
"94","Trento","4050","Mezzano","022115","35504","Mezzano"
"94","Trento","4050","Mezzano","022115","35503","Mezzano - Centro"
"94","Trento","4053","Mezzocorona","022116","35506","Mezzocorona"
"94","Trento","4053","Mezzocorona","022116","35505","Mezzocorona - Centro"
"94","Trento","4056","Mezzolombardo","022117","35508","Mezzolombardo"
"94","Trento","4056","Mezzolombardo","022117","35507","Mezzolombardo - Centro"
"94","Trento","4116","Moena","022118","35509","Forno"
"94","Trento","4116","Moena","022118","35510","Medil"
"94","Trento","4116","Moena","022118","35516","Moena"
"94","Trento","4116","Moena","022118","35515","Moena - Centro"
"94","Trento","4116","Moena","022118","35511","Penia"
"94","Trento","4116","Moena","022118","35512","San Pellegrino"
"94","Trento","4116","Moena","022118","35513","Someda"
"94","Trento","4116","Moena","022118","35514","Sorte"
"94","Trento","4147","Molveno","022120","35523","Ischia"
"94","Trento","4147","Molveno","022120","35524","Lido"
"94","Trento","4147","Molveno","022120","35527","Molveno"
"94","Trento","4147","Molveno","022120","35526","Molveno - Centro"
"94","Trento","4147","Molveno","022120","35525","Pradel"
"94","Trento","4493","Mori","022123","35538","Mori"
"94","Trento","4493","Mori","022123","35537","Mori - Centro"
"94","Trento","4572","Nago Torbole","022124","35539","Nago"
"94","Trento","4572","Nago Torbole","022124","35542","Nago - Torbole"
"94","Trento","4572","Nago Torbole","022124","35541","Nago - Torbole - Centro"
"94","Trento","4572","Nago Torbole","022124","35540","Torbole"
"94","Trento","4642","Nogaredo","022127","35549","Nogaredo"
"94","Trento","4642","Nogaredo","022127","35548","Nogaredo - Centro"
"94","Trento","4650","Nomi","022128","35551","Nomi"
"94","Trento","4650","Nomi","022128","35550","Nomi - Centro"
"94","Trento","4666","Novaledo","022129","35553","Novaledo"
"94","Trento","4666","Novaledo","022129","35552","Novaledo - Centro"
"94","Trento","4841","Ospedaletto","022130","35555","Ospedaletto"
"94","Trento","4841","Ospedaletto","022130","35554","Ospedaletto - Centro"
"94","Trento","4848","Ossana","022131","35556","Cusiano"
"94","Trento","4848","Ossana","022131","35557","Fucine"
"94","Trento","4848","Ossana","022131","35559","Ossana"
"94","Trento","4848","Ossana","022131","35558","Ossana - Centro"
"94","Trento","4956","Palù del Fersina","022133","35562","Erdemolo"
"94","Trento","4956","Palù del Fersina","022133","35566","Palù del Fersina"
"94","Trento","4956","Palù del Fersina","022133","35565","Palù del Fersina - Centro"
"94","Trento","4956","Palù del Fersina","022133","35563","Stefani"
"94","Trento","4956","Palù del Fersina","022133","35564","Tolleri"
"94","Trento","4962","Panchià","022134","35568","Panchià"
"94","Trento","4962","Panchià","022134","35567","Panchià - Centro"
"94","Trento","5045","Peio","022136","35569","Celentino"
"94","Trento","5045","Peio","022136","35570","Celledizzo"
"94","Trento","5045","Peio","022136","35571","Cogolo"
"94","Trento","5045","Peio","022136","35572","Comasine"
"94","Trento","5045","Peio","022136","35573","Peio"
"94","Trento","5045","Peio","022136","35576","Peio - Centro"
"94","Trento","5045","Peio","022136","35574","Peio Fonti"
"94","Trento","5045","Peio","022136","35575","Strombiano"
"94","Trento","5051","Pellizzano","022137","35578","Castello"
"94","Trento","5051","Pellizzano","022137","35581","Pellizzano"
"94","Trento","5051","Pellizzano","022137","35580","Pellizzano - Centro"
"94","Trento","5051","Pellizzano","022137","35579","Termenago"
"94","Trento","5052","Pelugo","022138","35583","Pelugo"
"94","Trento","5052","Pelugo","022138","35582","Pelugo - Centro"
"94","Trento","5073","Pergine Valsugana","022139","35584","Canezza"
"94","Trento","5073","Pergine Valsugana","022139","35585","Castagnè"
"94","Trento","5073","Pergine Valsugana","022139","35586","Cirè"
"94","Trento","5073","Pergine Valsugana","022139","35587","Costasavina"
"94","Trento","5073","Pergine Valsugana","022139","35588","Ischia"
"94","Trento","5073","Pergine Valsugana","022139","35589","Madrano"
"94","Trento","5073","Pergine Valsugana","022139","35590","Nogarè"
"94","Trento","5073","Pergine Valsugana","022139","35591","Pergine"
"94","Trento","5073","Pergine Valsugana","022139","35598","Pergine Valsugana"
"94","Trento","5073","Pergine Valsugana","022139","35597","Pergine Valsugana - Centro"
"94","Trento","5073","Pergine Valsugana","022139","35592","Roncogno"
"94","Trento","5073","Pergine Valsugana","022139","35593","Serso"
"94","Trento","5073","Pergine Valsugana","022139","35594","Susà"
"94","Trento","5073","Pergine Valsugana","022139","35595","Viarago"
"94","Trento","5073","Pergine Valsugana","022139","35596","Vigalzano"
"94","Trento","5223","Pieve di Bono - Prezzo","022234","35599","Agrone"
"94","Trento","5223","Pieve di Bono - Prezzo","022234","35649","Boniprati"
"94","Trento","5223","Pieve di Bono - Prezzo","022234","35650","Cistel"
"94","Trento","5223","Pieve di Bono - Prezzo","022234","35600","Cologna"
"94","Trento","5223","Pieve di Bono - Prezzo","022234","35601","Creto"
"94","Trento","5223","Pieve di Bono - Prezzo","022234","35651","Dos"
"94","Trento","5223","Pieve di Bono - Prezzo","022234","35605","Pieve di Bono"
"94","Trento","5223","Pieve di Bono - Prezzo","022234","35604","Pieve di Bono - Centro"
"94","Trento","5223","Pieve di Bono - Prezzo","022234","35602","Por"
"94","Trento","5223","Pieve di Bono - Prezzo","022234","35653","Prezzo"
"94","Trento","5223","Pieve di Bono - Prezzo","022234","35652","Prezzo - Centro"
"94","Trento","5223","Pieve di Bono - Prezzo","022234","35603","Strada"
"94","Trento","5237","Pieve Tesino","022142","35611","Pieve Tesino"
"94","Trento","5237","Pieve Tesino","022142","35610","Pieve Tesino - Centro"
"94","Trento","5237","Pieve Tesino","022142","35609","Spiado"
"94","Trento","5261","Pinzolo","022143","35612","Campo Carlo Magno"
"94","Trento","5261","Pinzolo","022143","35613","Madonna di Campiglio"
"94","Trento","5261","Pinzolo","022143","35616","Pinzolo"
"94","Trento","5261","Pinzolo","022143","35615","Pinzolo - Centro"
"94","Trento","5261","Pinzolo","022143","35614","Sant'Antonio di Mavignola"
"94","Trento","5369","Pomarolo","022144","35618","Pomarolo"
"94","Trento","5369","Pomarolo","022144","35617","Pomarolo - Centro"
"94","Trento","2523","Porte di Rendena","022244","35276","Darè"
"94","Trento","2523","Porte di Rendena","022244","35275","Darè - Centro"
"94","Trento","2523","Porte di Rendena","022244","35993","Iavrè"
"94","Trento","2523","Porte di Rendena","022244","35994","Verdesìna"
"94","Trento","2523","Porte di Rendena","022244","35983","Vigo Rendena"
"94","Trento","2523","Porte di Rendena","022244","35982","Vigo Rendena - Centro"
"94","Trento","2523","Porte di Rendena","022244","35996","Villa Rendena"
"94","Trento","2523","Porte di Rendena","022244","35995","Villa Rendena - Centro"
"94","Trento","2331","Predaia","022230","35263","Coredo"
"94","Trento","2331","Predaia","022230","35262","Coredo - Centro"
"94","Trento","2331","Predaia","022230","35809","Dardine"
"94","Trento","2331","Predaia","022230","35810","Dermulo"
"94","Trento","2331","Predaia","022230","35811","Mollaro"
"94","Trento","2331","Predaia","022230","35963","Priò"
"94","Trento","2331","Predaia","022230","35812","Segno"
"94","Trento","2331","Predaia","022230","35768","Smarano"
"94","Trento","2331","Predaia","022230","35767","Smarano - Centro"
"94","Trento","2331","Predaia","022230","35816","Taio"
"94","Trento","2331","Predaia","022230","35815","Taio - Centro"
"94","Trento","2331","Predaia","022230","35261","Tavon"
"94","Trento","2331","Predaia","022230","35813","Torra"
"94","Trento","2331","Predaia","022230","35928","Tres"
"94","Trento","2331","Predaia","022230","35927","Tres - Centro"
"94","Trento","2331","Predaia","022230","35814","Tuenetto"
"94","Trento","2331","Predaia","022230","35965","Vervò"
"94","Trento","2331","Predaia","022230","35964","Vervò - Centro"
"94","Trento","5539","Predazzo","022147","35642","Bellamonte"
"94","Trento","5539","Predazzo","022147","35643","Paneveggio"
"94","Trento","5539","Predazzo","022147","35646","Predazzo"
"94","Trento","5539","Predazzo","022147","35645","Predazzo - Centro"
"94","Trento","5539","Predazzo","022147","35644","Zaluna"
"94","Trento","10842","Primiero San Martino di Castrozza","022245","35331","Fiera di Primiero"
"94","Trento","10842","Primiero San Martino di Castrozza","022245","35330","Fiera di Primiero - Centro"
"94","Trento","10842","Primiero San Martino di Castrozza","022245","35888","Fol"
"94","Trento","10842","Primiero San Martino di Castrozza","022245","35889","Forno"
"94","Trento","10842","Primiero San Martino di Castrozza","022245","35890","Isolabella"
"94","Trento","10842","Primiero San Martino di Castrozza","022245","35891","Navoi"
"94","Trento","10842","Primiero San Martino di Castrozza","022245","35892","Ormanico"
"94","Trento","10842","Primiero San Martino di Castrozza","022245","35762","Passo Rolle"
"94","Trento","10842","Primiero San Martino di Castrozza","022245","35893","Pieve"
"94","Trento","10842","Primiero San Martino di Castrozza","022245","35329","Primiero"
"94","Trento","10842","Primiero San Martino di Castrozza","022245","35880","San Martino di Castrozza"
"94","Trento","10842","Primiero San Martino di Castrozza","022245","35763","San Martino di Castrozza - Centro"
"94","Trento","10842","Primiero San Martino di Castrozza","022245","35894","Sangrillà"
"94","Trento","10842","Primiero San Martino di Castrozza","022245","35766","Siror"
"94","Trento","10842","Primiero San Martino di Castrozza","022245","35765","Siror - Centro"
"94","Trento","10842","Primiero San Martino di Castrozza","022245","35895","Toè"
"94","Trento","10842","Primiero San Martino di Castrozza","022245","35882","Tonadico"
"94","Trento","10842","Primiero San Martino di Castrozza","022245","35881","Tonadico - Centro"
"94","Trento","10842","Primiero San Martino di Castrozza","022245","35897","Transacqua"
"94","Trento","10842","Primiero San Martino di Castrozza","022245","35896","Transacqua - Centro"
"94","Trento","10842","Primiero San Martino di Castrozza","022245","35764","Valmesta"
"94","Trento","5626","Rabbi","022150","35655","Rabbi"
"94","Trento","5626","Rabbi","022150","35654","Rabbi - Centro"
"94","Trento","5703","Revò","022152","35663","Revò"
"94","Trento","5703","Revò","022152","35662","Revò - Centro"
"94","Trento","5703","Revò","022152","35661","Tregiovo"
"94","Trento","5762","Riva del Garda","022153","35664","Campi"
"94","Trento","5762","Riva del Garda","022153","35665","Pregasina"
"94","Trento","5762","Riva del Garda","022153","35666","Riva"
"94","Trento","5762","Riva del Garda","022153","35668","Riva del Garda"
"94","Trento","5762","Riva del Garda","022153","43045","Brione"
"94","Trento","5762","Riva del Garda","022153","35667","Riva del Garda - Centro"
"94","Trento","5762","Riva del Garda","022153","43046","Ceole"
"94","Trento","5762","Riva del Garda","022153","43041","Gavazzo"
"94","Trento","5762","Riva del Garda","022153","43044","San Alessandro"
"94","Trento","5762","Riva del Garda","022153","43043","San Giacomo"
"94","Trento","5762","Riva del Garda","022153","43042","San Tomaso"
"94","Trento","5762","Riva del Garda","022153","43040","Varone"
"94","Trento","5913","Romallo","022154","35670","Romallo"
"94","Trento","5913","Romallo","022154","35669","Romallo - Centro"
"94","Trento","5921","Romeno","022155","35671","Malgolo"
"94","Trento","5921","Romeno","022155","35674","Romeno"
"94","Trento","5921","Romeno","022155","35673","Romeno - Centro"
"94","Trento","5921","Romeno","022155","35672","Salter"
"94","Trento","5929","Roncegno Terme","022156","35676","Roncegno Terme"
"94","Trento","5929","Roncegno Terme","022156","35675","Roncegno Terme - Centro"
"94","Trento","5932","Ronchi Valsugana","022157","35678","Ronchi Valsugana"
"94","Trento","5932","Ronchi Valsugana","022157","35677","Ronchi Valsugana - Centro"
"94","Trento","5948","Ronzo Chienis","022135","35682","Passo Bordala"
"94","Trento","5948","Ronzo Chienis","022135","35685","Ronzo - Chienis"
"94","Trento","5948","Ronzo Chienis","022135","35684","Ronzo - Chienis - Centro"
"94","Trento","5948","Ronzo Chienis","022135","35683","Santa Barbara"
"94","Trento","5949","Ronzone","022159","35687","Ronzone"
"94","Trento","5949","Ronzone","022159","35686","Ronzone - Centro"
"94","Trento","5993","Roverè della Luna","022160","35689","Roverè della Luna"
"94","Trento","5993","Roverè della Luna","022160","35688","Roverè della Luna - Centro"
"94","Trento","5997","Rovereto","022161","35690","Lizzana"
"94","Trento","5997","Rovereto","022161","35691","Marco"
"94","Trento","5997","Rovereto","022161","35692","Noriglio"
"94","Trento","5997","Rovereto","022161","35695","Rovereto"
"94","Trento","5997","Rovereto","022161","35694","Rovereto - Centro"
"94","Trento","5997","Rovereto","022161","35693","Sacco"
"94","Trento","6013","Ruffrè-Mendola","022162","35697","Ruffrè - Mendola"
"94","Trento","6013","Ruffrè-Mendola","022162","35696","Ruffrè - Mendola - Centro"
"94","Trento","6017","Rumo","022163","35698","Corte Inferiore (Ronco)"
"94","Trento","6017","Rumo","022163","35699","Lanza (Cenigo)"
"94","Trento","6017","Rumo","022163","35700","Marcena (Placeri)"
"94","Trento","6017","Rumo","022163","35701","Mione"
"94","Trento","6017","Rumo","022163","35702","Mocenigo (Corte Superiore)"
"94","Trento","6017","Rumo","022163","35705","Rumo"
"94","Trento","6017","Rumo","022163","35704","Rumo - Centro"
"94","Trento","6017","Rumo","022163","35703","Scassio)"
"94","Trento","6037","Sagron Mis","022164","35706","Mis"
"94","Trento","6037","Sagron Mis","022164","35707","Sagron"
"94","Trento","6037","Sagron Mis","022164","35709","Sagron Mis"
"94","Trento","6037","Sagron Mis","022164","35708","Sagron Mis - Centro"
"94","Trento","6103","Samone","022165","27394","Samone"
"94","Trento","6103","Samone","022165","27393","Samone - Centro"
"94","Trento","5486","San Giovanni di Fassa/Sèn Jan","022250","35619","Meida"
"94","Trento","5486","San Giovanni di Fassa/Sèn Jan","022250","35620","Monzon"
"94","Trento","5486","San Giovanni di Fassa/Sèn Jan","022250","35621","Pera"
"94","Trento","5486","San Giovanni di Fassa/Sèn Jan","022250","35622","Pozza"
"94","Trento","5486","San Giovanni di Fassa/Sèn Jan","022250","35624","Pozza di Fassa"
"94","Trento","5486","San Giovanni di Fassa/Sèn Jan","022250","35623","Pozza di Fassa - Centro"
"94","Trento","5486","San Giovanni di Fassa/Sèn Jan","022250","35978","San Giovanni"
"94","Trento","5486","San Giovanni di Fassa/Sèn Jan","022250","35979","Tamion"
"94","Trento","5486","San Giovanni di Fassa/Sèn Jan","022250","35981","Vigo di Fassa"
"94","Trento","5486","San Giovanni di Fassa/Sèn Jan","022250","35980","Vigo di Fassa - Centro"
"94","Trento","2593","San Lorenzo Dorsino","022231","35712","Berghi"
"94","Trento","2593","San Lorenzo Dorsino","022231","35713","Deggia"
"94","Trento","2593","San Lorenzo Dorsino","022231","35714","Dolaso"
"94","Trento","2593","San Lorenzo Dorsino","022231","35291","Dorsino"
"94","Trento","2593","San Lorenzo Dorsino","022231","35290","Dorsino - Centro"
"94","Trento","2593","San Lorenzo Dorsino","022231","35715","Glolo"
"94","Trento","2593","San Lorenzo Dorsino","022231","35716","Nembia"
"94","Trento","2593","San Lorenzo Dorsino","022231","35717","Pergnano"
"94","Trento","2593","San Lorenzo Dorsino","022231","35718","Prato"
"94","Trento","2593","San Lorenzo Dorsino","022231","35719","Prusa"
"94","Trento","2593","San Lorenzo Dorsino","022231","35722","San Lorenzo in Banale"
"94","Trento","2593","San Lorenzo Dorsino","022231","35721","San Lorenzo in Banale - Centro"
"94","Trento","2593","San Lorenzo Dorsino","022231","35720","Senaso"
"94","Trento","6328","San Michele all'Adige","022167","35723","Grumo"
"94","Trento","6328","San Michele all'Adige","022167","35724","San Michele"
"94","Trento","6328","San Michele all'Adige","022167","35726","San Michele all'Adige"
"94","Trento","6328","San Michele all'Adige","022167","35725","San Michele all'Adige - Centro"
"94","Trento","6543","Sant'Orsola Terme","022168","35727","Mala"
"94","Trento","6543","Sant'Orsola Terme","022168","35729","Sant'Orsola Terme"
"94","Trento","6543","Sant'Orsola Terme","022168","35728","Sant'Orsola Terme - Centro"
"94","Trento","6631","Sanzeno","022169","42150","Banco"
"94","Trento","6631","Sanzeno","022169","35730","Casez"
"94","Trento","6631","Sanzeno","022169","35732","Sanzeno"
"94","Trento","6631","Sanzeno","022169","35731","Sanzeno - Centro"
"94","Trento","6651","Sarnonico","022170","35733","Fornace"
"94","Trento","6651","Sarnonico","022170","35734","Le Regole"
"94","Trento","6651","Sarnonico","022170","35735","Monte Penegal"
"94","Trento","6651","Sarnonico","022170","35737","Sarnonico"
"94","Trento","6651","Sarnonico","022170","35736","Sarnonico - Centro"
"94","Trento","6745","Scurelle","022171","35739","Scurelle"
"94","Trento","6745","Scurelle","022171","35738","Scurelle - Centro"
"94","Trento","6761","Segonzano","022172","35740","Caloneghi"
"94","Trento","6761","Segonzano","022172","35741","Casal"
"94","Trento","6761","Segonzano","022172","35742","Gaggio"
"94","Trento","6761","Segonzano","022172","35743","Gausaldo"
"94","Trento","6761","Segonzano","022172","35744","Gresta"
"94","Trento","6761","Segonzano","022172","35745","Luch"
"94","Trento","6761","Segonzano","022172","35746","Parlo"
"94","Trento","6761","Segonzano","022172","35747","Piazzo"
"94","Trento","6761","Segonzano","022172","35748","Prà"
"94","Trento","6761","Segonzano","022172","35749","Quaras"
"94","Trento","6761","Segonzano","022172","35750","Sabion"
"94","Trento","6761","Segonzano","022172","35751","Saletto"
"94","Trento","6761","Segonzano","022172","35752","Santuario della Madonna dell'Aiuto"
"94","Trento","6761","Segonzano","022172","35753","Scancio"
"94","Trento","6761","Segonzano","022172","35759","Segonzano"
"94","Trento","6761","Segonzano","022172","35758","Segonzano - Centro"
"94","Trento","6761","Segonzano","022172","35754","Sevignano"
"94","Trento","6761","Segonzano","022172","35755","Stedro"
"94","Trento","6761","Segonzano","022172","35756","Teaio"
"94","Trento","6761","Segonzano","022172","35757","Valcava"
"94","Trento","767","Sella Giudicarie","022246","35063","Bondo"
"94","Trento","767","Sella Giudicarie","022246","35062","Bondo - Centro"
"94","Trento","767","Sella Giudicarie","022246","35074","Breguzzo"
"94","Trento","767","Sella Giudicarie","022246","35073","Breguzzo - Centro"
"94","Trento","767","Sella Giudicarie","022246","35432","Lardaro"
"94","Trento","767","Sella Giudicarie","022246","35431","Lardaro - Centro"
"94","Trento","767","Sella Giudicarie","022246","35679","Pradibondo"
"94","Trento","767","Sella Giudicarie","022246","35681","Roncone"
"94","Trento","767","Sella Giudicarie","022246","35680","Roncone - Centro"
"94","Trento","6877","Sfruz","022173","35761","Sfruz"
"94","Trento","6877","Sfruz","022173","35760","Sfruz - Centro"
"94","Trento","6976","Soraga","022176","35769","Passo di San Pellegrino"
"94","Trento","6976","Soraga","022176","35771","Soraga"
"94","Trento","6976","Soraga","022176","35770","Soraga - Centro"
"94","Trento","7004","Sover","022177","35772","Facendi"
"94","Trento","7004","Sover","022177","35773","Montesover"
"94","Trento","7004","Sover","022177","35774","Piazzolo"
"94","Trento","7004","Sover","022177","35775","Piscine"
"94","Trento","7004","Sover","022177","35776","Sette Fontane"
"94","Trento","7004","Sover","022177","35777","Slosseri"
"94","Trento","7004","Sover","022177","35779","Sover"
"94","Trento","7004","Sover","022177","35778","Sover - Centro"
"94","Trento","7029","Spiazzo","022179","35782","Borzago"
"94","Trento","7029","Spiazzo","022179","35783","Fisto (Ches)"
"94","Trento","7029","Spiazzo","022179","35784","Mortaso"
"94","Trento","7029","Spiazzo","022179","35786","Spiazzo"
"94","Trento","7029","Spiazzo","022179","35785","Spiazzo - Centro"
"94","Trento","7049","Spormaggiore","022180","35787","Belfort"
"94","Trento","7049","Spormaggiore","022180","35789","Spormaggiore"
"94","Trento","7049","Spormaggiore","022180","35788","Spormaggiore - Centro"
"94","Trento","7050","Sporminore","022181","35791","Sporminore"
"94","Trento","7050","Sporminore","022181","35790","Sporminore - Centro"
"94","Trento","7071","Stenico","022182","35792","Premione"
"94","Trento","7071","Stenico","022182","35793","Sclemo"
"94","Trento","7071","Stenico","022182","35794","Seo"
"94","Trento","7071","Stenico","022182","35797","Stenico"
"94","Trento","7071","Stenico","022182","35796","Stenico - Centro"
"94","Trento","7071","Stenico","022182","35795","Villa Banale"
"94","Trento","7084","Storo","022183","35798","Darzo"
"94","Trento","7084","Storo","022183","35799","Lodrone"
"94","Trento","7084","Storo","022183","35800","Riccomassimo"
"94","Trento","7084","Storo","022183","35802","Storo"
"94","Trento","7084","Storo","022183","35801","Storo - Centro"
"94","Trento","7091","Strembo","022184","35803","Malga Caret"
"94","Trento","7091","Strembo","022184","35804","Predel"
"94","Trento","7091","Strembo","022184","35806","Strembo"
"94","Trento","7091","Strembo","022184","35805","Strembo - Centro"
"94","Trento","7186","Telve","022188","35823","Musiera di Sotto"
"94","Trento","7186","Telve","022188","35824","Passo del Manghen"
"94","Trento","7186","Telve","022188","35828","Telve"
"94","Trento","7186","Telve","022188","35827","Telve - Centro"
"94","Trento","7186","Telve","022188","35825","Val Calamento"
"94","Trento","7186","Telve","022188","35826","Valsolero di Sotto"
"94","Trento","7187","Telve di Sopra","022189","35830","Telve di Sopra"
"94","Trento","7187","Telve di Sopra","022189","35829","Telve di Sopra - Centro"
"94","Trento","7190","Tenna","022190","35831","Alberè"
"94","Trento","7190","Tenna","022190","35832","Feghini"
"94","Trento","7190","Tenna","022190","35834","Tenna"
"94","Trento","7190","Tenna","022190","35833","Tenna - Centro"
"94","Trento","7191","Tenno","022191","35835","Cologna - Gavazzo (Volta di Noo)"
"94","Trento","7191","Tenno","022191","35841","Ville del Monte (Lago di Tenno)"
"94","Trento","7191","Tenno","022191","35836","Mattoni)"
"94","Trento","7191","Tenno","022191","35837","Piazze"
"94","Trento","7191","Tenno","022191","35838","Pranzo"
"94","Trento","7191","Tenno","022191","35839","Teggiole)"
"94","Trento","7191","Tenno","022191","35840","Tenno"
"94","Trento","7191","Tenno","022191","35842","Tenno - Centro"
"94","Trento","7213","Terragnolo","022193","35847","Terragnolo"
"94","Trento","7213","Terragnolo","022193","35846","Terragnolo - Centro"
"94","Trento","8044","Terre d'Adige","022251","35547","Nave San Rocco"
"94","Trento","8044","Terre d'Adige","022251","35546","Nave San Rocco - Centro"
"94","Trento","8044","Terre d'Adige","022251","36000","Zambana"
"94","Trento","8044","Terre d'Adige","022251","35999","Zambana - Centro"
"94","Trento","7231","Terzolas","022195","35851","Terzolas"
"94","Trento","7231","Terzolas","022195","35850","Terzolas - Centro"
"94","Trento","7233","Tesero","022196","35852","Pampeago"
"94","Trento","7233","Tesero","022196","35853","Stava"
"94","Trento","7233","Tesero","022196","35855","Tesero"
"94","Trento","7233","Tesero","022196","35854","Tesero - Centro"
"94","Trento","7254","Tione di Trento","022199","35863","Saone"
"94","Trento","7254","Tione di Trento","022199","35865","Tione di Trento"
"94","Trento","7254","Tione di Trento","022199","35864","Tione di Trento - Centro"
"94","Trento","7277","Ton","022200","35866","Bastianelli"
"94","Trento","7277","Ton","022200","35867","Castelletto"
"94","Trento","7277","Ton","022200","35868","Ceramica"
"94","Trento","7277","Ton","022200","35869","Comino"
"94","Trento","7277","Ton","022200","35870","Masi"
"94","Trento","7277","Ton","022200","35871","Moncovo"
"94","Trento","7277","Ton","022200","35872","Nosino"
"94","Trento","7277","Ton","022200","35873","Raut"
"94","Trento","7277","Ton","022200","35874","Rocchetta"
"94","Trento","7277","Ton","022200","35875","Sabino"
"94","Trento","7277","Ton","022200","35879","Ton"
"94","Trento","7277","Ton","022200","35878","Ton - Centro"
"94","Trento","7277","Ton","022200","35876","Toss"
"94","Trento","7277","Ton","022200","35877","Vigo"
"94","Trento","7287","Torcegno","022202","35883","Campestrini"
"94","Trento","7287","Torcegno","022202","35885","Torcegno"
"94","Trento","7287","Torcegno","022202","35884","Torcegno - Centro"
"94","Trento","7378","Trambileno","022203","35887","Trambileno"
"94","Trento","7378","Trambileno","022203","35886","Trambileno - Centro"
"94","Trento","4221","Tre Ville","022247","35531","Binio"
"94","Trento","4221","Tre Ville","022247","35656","Coltura"
"94","Trento","4221","Tre Ville","022247","35532","Cort"
"94","Trento","4221","Tre Ville","022247","35533","Larzana"
"94","Trento","4221","Tre Ville","022247","35536","Montagne"
"94","Trento","4221","Tre Ville","022247","35535","Montagne - Centro"
"94","Trento","4221","Tre Ville","022247","35657","Palù"
"94","Trento","4221","Tre Ville","022247","35534","Passo Daone"
"94","Trento","4221","Tre Ville","022247","35658","Pez"
"94","Trento","4221","Tre Ville","022247","35648","Preore"
"94","Trento","4221","Tre Ville","022247","35647","Preore - Centro"
"94","Trento","4221","Tre Ville","022247","35660","Ragoli"
"94","Trento","4221","Tre Ville","022247","35659","Ragoli - Centro"
"94","Trento","7422","Trento","022205","35898","Bolghera"
"94","Trento","7422","Trento","022205","40610","Cadine"
"94","Trento","7422","Trento","022205","35899","Centro Storico"
"94","Trento","7422","Trento","022205","35900","Cervara / Laste"
"94","Trento","7422","Trento","022205","35901","Clarina / San Bartolomeo"
"94","Trento","7422","Trento","022205","35911","Cognola"
"94","Trento","7422","Trento","022205","42256","Collina"
"94","Trento","7422","Trento","022205","35902","Cristore"
"94","Trento","7422","Trento","022205","42227","Fersina"
"94","Trento","7422","Trento","022205","35912","Gardolo"
"94","Trento","7422","Trento","022205","35913","Gardolo di Mezzo"
"94","Trento","7422","Trento","022205","35903","Gardolo / Melta"
"94","Trento","7422","Trento","022205","35914","Martignano"
"94","Trento","7422","Trento","022205","35915","Mattarello"
"94","Trento","7422","Trento","022205","41214","Meano"
"94","Trento","7422","Trento","022205","35916","Monte Bondone"
"94","Trento","7422","Trento","022205","42240","Montevaccino"
"94","Trento","7422","Trento","022205","35904","Piedicastello"
"94","Trento","7422","Trento","022205","35917","Povo"
"94","Trento","7422","Trento","022205","35905","Povo / Villazzano"
"94","Trento","7422","Trento","022205","35918","Ravina"
"94","Trento","7422","Trento","022205","35919","Romagnano"
"94","Trento","7422","Trento","022205","35906","Roncafort / Canova"
"94","Trento","7422","Trento","022205","35907","San Donà / Cognola"
"94","Trento","7422","Trento","022205","42257","San Martino"
"94","Trento","7422","Trento","022205","35908","San Pio X"
"94","Trento","7422","Trento","022205","35920","Sardagna"
"94","Trento","7422","Trento","022205","35909","Semicentro"
"94","Trento","7422","Trento","022205","42202","Solteri"
"94","Trento","7422","Trento","022205","35921","Sopramonte"
"94","Trento","7422","Trento","022205","35910","Spini / Ghiaie"
"94","Trento","7422","Trento","022205","42261","Stazione"
"94","Trento","7422","Trento","022205","40671","Tavernaro"
"94","Trento","7422","Trento","022205","42260","Torre Vanga"
"94","Trento","7422","Trento","022205","42259","Torre Verde"
"94","Trento","7422","Trento","022205","35926","Trento"
"94","Trento","7422","Trento","022205","35925","Trento - Centro"
"94","Trento","7422","Trento","022205","42203","Trento Nord"
"94","Trento","7422","Trento","022205","42205","Trento Sud"
"94","Trento","7422","Trento","022205","42228","Tribunale"
"94","Trento","7422","Trento","022205","42258","Università"
"94","Trento","7422","Trento","022205","42204","Vela"
"94","Trento","7422","Trento","022205","35922","Vigolo Baselga"
"94","Trento","7422","Trento","022205","35923","Villamontagna"
"94","Trento","7422","Trento","022205","35924","Villazzano"
"94","Trento","652","valdaone","022232","35625","Bedoe"
"94","Trento","652","valdaone","022232","35021","Bersone"
"94","Trento","652","valdaone","022232","35020","Bersone - Centro"
"94","Trento","652","valdaone","022232","35626","Cherio"
"94","Trento","652","valdaone","022232","35627","Crona"
"94","Trento","652","valdaone","022232","35274","Daone"
"94","Trento","652","valdaone","022232","35273","Daone - Centro"
"94","Trento","652","valdaone","022232","35628","Forca"
"94","Trento","652","valdaone","022232","35019","Formìno"
"94","Trento","652","valdaone","022232","35629","Garda"
"94","Trento","652","valdaone","022232","35630","Gardone (Corno)"
"94","Trento","652","valdaone","022232","35631","Ghinova"
"94","Trento","652","valdaone","022232","35632","Greggi"
"94","Trento","652","valdaone","022232","35633","Merlino"
"94","Trento","652","valdaone","022232","35634","Moia"
"94","Trento","652","valdaone","022232","35635","Nosguil"
"94","Trento","652","valdaone","022232","35636","Pasture"
"94","Trento","652","valdaone","022232","35637","Peschera"
"94","Trento","652","valdaone","022232","35638","Piolino"
"94","Trento","652","valdaone","022232","35641","Praso"
"94","Trento","652","valdaone","022232","35640","Praso - Centro"
"94","Trento","652","valdaone","022232","35639","Sevror"
"94","Trento","652","valdaone","022232","35272","Varmongoi"
"94","Trento","7591","Valfloriana","022209","35935","Barcatta"
"94","Trento","7591","Valfloriana","022209","35936","Casanova"
"94","Trento","7591","Valfloriana","022209","35937","Casatta"
"94","Trento","7591","Valfloriana","022209","35938","Dorà"
"94","Trento","7591","Valfloriana","022209","35939","Ischiazza"
"94","Trento","7591","Valfloriana","022209","35940","Maso"
"94","Trento","7591","Valfloriana","022209","35941","Montalbiano"
"94","Trento","7591","Valfloriana","022209","35942","Palù"
"94","Trento","7591","Valfloriana","022209","35943","Pradel"
"94","Trento","7591","Valfloriana","022209","35947","Valfloriana"
"94","Trento","7591","Valfloriana","022209","35946","Valfloriana - Centro"
"94","Trento","7591","Valfloriana","022209","35944","Valle"
"94","Trento","7591","Valfloriana","022209","35945","Villaggio"
"94","Trento","7602","Vallarsa","022210","35949","Vallarsa"
"94","Trento","7602","Vallarsa","022210","35948","Vallarsa - Centro"
"94","Trento","4887","Vallelaghi","022248","35966","Ciago"
"94","Trento","4887","Vallelaghi","022248","35967","Falesina"
"94","Trento","4887","Vallelaghi","022248","35968","Fraveggio"
"94","Trento","4887","Vallelaghi","022248","35969","Lon"
"94","Trento","4887","Vallelaghi","022248","35970","Margone"
"94","Trento","4887","Vallelaghi","022248","35561","Padergnone"
"94","Trento","4887","Vallelaghi","022248","35560","Padergnone - Centro"
"94","Trento","4887","Vallelaghi","022248","35971","Ranzo"
"94","Trento","4887","Vallelaghi","022248","35972","Santa Massenza"
"94","Trento","4887","Vallelaghi","022248","35845","Terlago"
"94","Trento","4887","Vallelaghi","022248","35844","Terlago - Centro"
"94","Trento","4887","Vallelaghi","022248","35975","Vezzano"
"94","Trento","4887","Vallelaghi","022248","35974","Vezzano - Centro"
"94","Trento","4887","Vallelaghi","022248","35973","Vignola"
"94","Trento","7747","Vermiglio","022213","35956","Cortina"
"94","Trento","7747","Vermiglio","022213","35957","Passo del Tonale"
"94","Trento","7747","Vermiglio","022213","35958","Pizzano"
"94","Trento","7747","Vermiglio","022213","35959","Stavel"
"94","Trento","7747","Vermiglio","022213","35960","Velon"
"94","Trento","7747","Vermiglio","022213","35962","Vermiglio"
"94","Trento","7747","Vermiglio","022213","35961","Vermiglio - Centro"
"94","Trento","7838","Vignola Falesina","022216","35977","Vignola - Falesina"
"94","Trento","7838","Vignola Falesina","022216","35976","Vignola - Falesina - Centro"
"94","Trento","7874","Villa Lagarina","022222","35988","Castellano"
"94","Trento","7874","Villa Lagarina","022222","35989","Pedersano"
"94","Trento","7874","Villa Lagarina","022222","35990","Piazzo"
"94","Trento","7874","Villa Lagarina","022222","35992","Villa Lagarina"
"94","Trento","7874","Villa Lagarina","022222","35991","Villa Lagarina - Centro"
"94","Trento","4574","Ville d'Anaunia","022249","35817","Campo"
"94","Trento","4574","Ville d'Anaunia","022249","35929","Centier"
"94","Trento","4574","Ville d'Anaunia","022249","35545","Nanno"
"94","Trento","4574","Ville d'Anaunia","022249","35544","Nanno - Centro"
"94","Trento","4574","Ville d'Anaunia","022249","35818","Pavillo"
"94","Trento","4574","Ville d'Anaunia","022249","35543","Portolo"
"94","Trento","4574","Ville d'Anaunia","022249","35819","Rallo"
"94","Trento","4574","Ville d'Anaunia","022249","35820","Sanzenone Località santa Giustina"
"94","Trento","4574","Ville d'Anaunia","022249","35822","Tassullo"
"94","Trento","4574","Ville d'Anaunia","022249","35821","Tassullo - Centro"
"94","Trento","4574","Ville d'Anaunia","022249","35930","Tovel"
"94","Trento","4574","Ville d'Anaunia","022249","35932","Tuenno"
"94","Trento","4574","Ville d'Anaunia","022249","35931","Tuenno - Centro"
"94","Trento","1336","Ville di Fiemme","022254","35168","Aguai"
"94","Trento","1336","Ville di Fiemme","022254","35169","Calvello"
"94","Trento","1336","Ville di Fiemme","022254","35174","Carano"
"94","Trento","1336","Ville di Fiemme","022254","35173","Carano - Centro"
"94","Trento","1336","Ville di Fiemme","022254","35170","Cela"
"94","Trento","1336","Ville di Fiemme","022254","35269","Daiano"
"94","Trento","1336","Ville di Fiemme","022254","35268","Daiano - Centro"
"94","Trento","1336","Ville di Fiemme","022254","35950","Passo di Lavazè"
"94","Trento","1336","Ville di Fiemme","022254","35171","Solaiolo"
"94","Trento","1336","Ville di Fiemme","022254","35952","Varena"
"94","Trento","1336","Ville di Fiemme","022254","35951","Varena - Centro"
"94","Trento","1336","Ville di Fiemme","022254","35172","Veronza"
"94","Trento","8022","Volano","022224","35998","Volano"
"94","Trento","8022","Volano","022224","35997","Volano - Centro"
"94","Trento","8067","Ziano di Fiemme","022226","36001","Roda"
"94","Trento","8067","Ziano di Fiemme","022226","36002","Zanolin"
"94","Trento","8067","Ziano di Fiemme","022226","36003","Zanon"
"94","Trento","8067","Ziano di Fiemme","022226","36005","Ziano di Fiemme"
"94","Trento","8067","Ziano di Fiemme","022226","36004","Ziano di Fiemme - Centro"
